"","Country","Renewable.electricity.output","Access.to.electricity","Renewable.energy.consumption","Terrestrial.and.marine.protected.areas","Agricultural.land","Individuals.using.the.Internet","CO2.emissions","GDP.growth","Political.Stability.and.Absence.of.Terrorism","Rule.of.Law","Government.Effectiveness","PM2.5.air.pollution","Proportion.of.seats.held.by.women.in.parliaments","Access.to.clean.fuels.and.technologies.for.cooking","Labor.force.participation.rate","Unemployment","School.enrollment","Cause.of.death.communicable.diseases.and.maternal.prenatal.and.nutrition.conditions","natural.resources.depletion","Prevalence.of.undernourishment","Life.expectancy.at.birth"
"1","Albania",1.16518699337332,-0.868836108515334,0.53980147514041,0.418309901368895,0.113559315309216,0.556998373650357,-0.310025432255405,-0.287403596851727,0.455874335021591,-0.417020376926198,-0.13680887354301,-0.261301580228621,0.00124799661098662,0.425838473561617,-0.502795334516022,1.38018167526753,0.025598829006848,-1.37789141919688,-0.207859050394715,-0.181181570322988,0.742027216279182
"2","Algeria",-1.83891088425997,-0.803680413170142,-2.58380406303415,-0.167118727324983,-1.1208153870777,-0.448909654965388,0.252568175173215,-0.0459072993223822,-1.25480857685568,-0.867830197354855,-0.646760242894478,0.849369213417322,0.725687031808181,-0.259369884003585,-2.300346506974,0.793271596910228,1.0079115784212,0.0970791713663392,1.5391861530989,-0.582427790132846,0.506661973260875
"3","Angola",0.746873540493108,1.48254021943314,0.744158918225476,-0.475084871189734,0.326896447304437,-1.25696195880693,-0.581142920760907,-0.621583464869993,-0.375399296266817,-1.20471695976032,-1.25210855754965,0.655803156418398,1.24193447511459,0.845387416328031,0.915171626461493,0.250424996818315,0.799980056317812,1.54564382155295,1.73169110488055,1.58707790558037,-1.57336875440981
"4","Argentina",0.341764998530404,-0.80119486585582,-0.55698565540271,-0.122342771706132,0.659100207298168,0.696613223252486,0.483497495637693,-1.00246236049217,0.168395598213744,-0.646089740948061,-0.107827046458499,-0.713648605618752,1.28932768302469,-0.896022966662514,-0.0924558696103077,0.317754873226206,0.591882183508882,0.138469433411236,-0.15690485419745,-0.648728870042769,0.504281791723979
"5","Armenia",0.272040986650426,-0.868836108515334,-0.579127764618757,0.951908755241328,0.880615674816815,0.308689387540587,-0.296249696975669,0.159595291694409,-0.368495733151026,-0.303006598096229,-0.186044494529693,0.687298611752894,-0.819670068974619,-0.588682843425267,-0.350069549782438,1.52426929002759,-0.717232357790317,-1.36460997476997,0.0600675333667879,-0.587406505973538,0.303528355221374
"6","Australia",-0.181920930867532,-0.868836108515334,-0.653340600503829,1.18142625203132,0.452895174511963,1.33251012118978,1.75755158484397,-0.245882486136703,1.22163125324475,1.87129872557935,1.66116569978522,-1.42138065627904,0.453176086325124,-1.4914601627648,0.767977629401701,-0.0660336142616117,-0.113331620907128,-1.01948233266857,0.205538526569227,-1.05945557509517,1.28441410760404
"7","Austria",0.996697424296318,-0.868836108515334,0.433155073158192,1.15628847940492,-0.380521137685639,1.27938043775301,0.910141495694112,-0.746909047460958,1.41895643549147,1.93907387817587,1.59513044891941,-0.846570024898938,0.812010374787286,-1.4914601627648,0.669653428516893,-0.109242643884039,-0.180573320015979,-1.4907126612406,-1.08281733413861,-1.05945557509517,1.16800533071061
"8","Azerbaijan",-0.672467634847386,-0.868836108515334,-1.62184725157959,-0.390733366233624,0.819299419847287,1.01964499314485,0.308795388417667,-0.752940218661176,-0.714989679573307,-0.67586892465198,-0.378360760974044,-0.0990844183980781,-0.460835780512457,-0.412699171498975,0.149614713182319,-0.279078474219543,0.0367853137199788,-0.401415830269899,1.61680733575772,-1.05945557509517,0.0310223628044125
"9","Barbados",-2.0875537943254,-0.868836108515334,-1.43599762251265,-2.3060231633189,-0.684726803421728,1.03554501506242,0.512446415423891,-0.944603728383035,1.39745119231653,0.969399013416156,1.13588926244867,0.165183461677398,-0.437139176557409,-1.20786364522151,0.837708172119897,0.816210469275793,-0.652346493363958,-0.0491210354747164,-0.977517754649101,-0.627956576121692,0.843705596308475
"10","Belarus",-1.67556240460488,-0.868836108515334,-0.883025095886227,0.0919561370511368,0.0837547718132439,0.573090019937132,0.850984313272403,-1.34548342925586,0.17062825293166,-0.874337632586904,-0.653005491201521,-0.204184252994623,0.679986438466302,-0.845256887339452,0.791935434021722,-0.0600085769929428,-0.377955291963331,-1.5209344667995,-0.683439409828551,-1.05945557509517,0.174327916729885
"11","Belgium",-0.036331871285436,-0.868836108515334,-0.686252650533314,1.01402560776558,0.166455030488654,1.3421383551327,1.09512629147773,-0.749964252359348,0.7946235475112,1.49172480516633,1.44696120240472,-0.83528378439302,1.43150730675498,-1.4914601627648,-0.118867573756378,0.388705512613411,-0.0496210156406363,-0.523559302848939,-1.15432182742281,-1.05945557509517,1.13444331971016
"12","Belize",0.691654225414353,0.154436008068586,0.450017667937318,0.838643910703005,-1.62009135174659,-0.268685249317607,-0.496211456703785,-0.555304249550415,0.150347821305939,-0.804158936018885,-0.720453176429561,0.17006608808669,-1.48148236514776,0.133317795995598,0.0540564804364616,0.701052518026238,0.743786102003759,0.339422498173622,-0.320948139536722,0.0913820902485267,0.244494894394807
"13","Benin",-1.34894468251612,1.47731997975219,0.772071533562253,1.07465248811021,-0.357381537428885,-1.37284892359604,-0.993539290608621,0.768194578208575,0.145363126452489,-0.608620301903669,-0.674267027323175,0.797439228420357,-1.20050834682361,1.17713654579407,0.286388144841195,-1.15186194901865,2.18835676440914,1.38964068162826,-0.140711112656404,0.386904474360406,-1.41042549336311
"14","Bolivia",0.344636662093769,0.445158485748762,-0.129995511513144,1.23822440128567,-0.283214267579487,-0.377106030957689,-0.315585304838145,0.778777769357386,-0.291457669153625,-1.2030262251327,-0.634659512955589,0.077741543556623,2.17456510220257,0.489242535484613,0.207093887970633,-1.02005046451143,-0.647387012896389,0.505638554653465,1.0309086208365,1.12213659750092,-0.217780988474289
"15","Botswana",-2.04531648017879,1.26655325839908,0.278963997491022,1.18118607937861,0.241479779773981,-0.379018752322875,0.0668438001370215,0.414987137099057,1.28983691685409,0.589738347673391,0.41321230631945,0.1302055321962,-1.07356225420728,0.64623495094899,0.465389363759889,1.56961824922712,-0.0139550813814928,1.2381300229948,-0.46727264224618,1.52081017474864,-0.605502643411642
"16","Brazil",0.960839293898403,-0.731604051130987,0.604686628519336,1.01579158739461,-0.330149534018298,0.363727745280339,-0.0555625130370976,-1.43984770923296,-0.282036408842989,-0.165446868049856,-0.260095661138699,-0.810881140162505,-1.02109120259253,-0.462398679951923,0.0804099317747972,0.592649884599955,0.850588399828288,0.0160613938025425,-0.0647032268638815,-1.05945557509517,0.369851122004684
"17","Brunei Darussalam",-2.0559827201726,-0.868836108515334,-2.64558893772435,0.0474107929823692,-1.82613307144479,1.07169315522044,2.06461623806385,-1.75058026235237,1.46587372936343,0.550211399434294,1.07748623573134,-2.01232671733242,-1.19035265941431,-1.4914601627648,0.0162304952635609,0.363128989583013,0.143532732961236,-0.517685601182603,1.47832373211211,-0.902995006134655,0.41232248630368
"18","Bulgaria",-0.066108838796723,-0.868836108515334,-0.133359998927746,1.1517802687467,0.259118723332188,0.33587316686029,0.678349388591617,-0.178905633385628,0.230581427702297,-0.0874364186066524,0.150386011463123,-0.156639307520316,-0.00213723252544879,0.00143724117871162,0.045739554694652,0.614762586660451,-0.784497766162098,-1.56797609809579,-0.577622116057357,-0.552959449145085,0.33657453927797
"19","Burkina Faso",-0.313280524959861,1.61969657823378,1.08216449774206,0.531237286414202,0.179201229328306,-1.31223660300253,-1.3576987857778,0.83273173838253,-0.878142591114012,-0.530527860875762,-0.715876674064323,0.969538240725961,-0.760428559086998,1.16361454954941,-0.0675434322430312,0.0572045094801785,-1.27860733750545,1.43291508465886,1.67888425984916,1.21205596265805,-1.50156661138011
"20","Cabo Verde",0.0361576247869198,0.573469069416406,0.19849163631814,-1.45606026434136,-0.999433977219322,-0.105491484015016,-0.7533441842229,-0.370940982363682,0.958756721293119,0.515708970387839,0.0581482172807316,0.715608433227558,0.00463322574742234,0.51499983374073,0.325519171232396,0.982126856587371,0.129765068383056,0.359815897295082,-0.775531025148263,0.716848890064357,0.0146338211805741
"21","Cambodia",0.751548287206347,1.10005840351751,0.990534368860335,0.841410412555816,-0.470625056407436,-1.09622658118723,-1.1437241304296,1.57604063324468,0.138155722155319,-1.07810045595386,-0.864486189092418,0.343426688457369,-0.132468554278215,1.11292000070571,1.38797667677724,-1.88542241225403,0.936243578580378,0.645129945799785,-0.367533909109901,1.05843741095176,-0.419674928629992
"22","Cameroon",0.970225703096545,1.26233305265373,1.10569195681425,0.181399263497849,-0.965145064320314,-1.08731175113335,-1.22790860454018,0.744083163094348,-1.06183562698925,-1.06227687940832,-0.956534541286287,1.87328903540133,0.781543312559367,1.07210054377925,0.806095770237902,-0.719367542900986,0.947829247821587,1.38775876904479,0.286658846217295,0.18152366562447,-1.78946940311387
"23","Canada",0.844123934160569,-0.868836108515334,0.0558030120063619,-0.249951760046838,-1.62610947548582,1.47823218054672,1.70078463249337,-0.463801447062006,1.45556553573317,1.90636453651516,1.88655206025337,-1.82504885851024,0.317766920867705,-1.4914601627648,0.886792404013177,0.157632540534583,-0.247170195771394,-0.837326051583466,-0.621171114369025,-1.05945557509517,1.23593967874286
"24","Central African Republic",1.1607792478018,1.60082182885062,1.10355582537205,0.710901040275409,-1.5652423761477,-1.62817718832498,-1.46610627778422,-3.00237867678593,-2.42879889670197,-1.84878757113059,-1.9895501227091,1.50651286733862,-1.18188958657322,1.20767123536895,0.409721821571471,0.133493839218894,-0.182612402375652,1.55851533427634,-1.07812772192848,2.44910705257007,-2.62258252814296
"25","Chad",-2.0875537943254,1.70393946643401,1.23218355064626,0.827328662968652,-0.0494435902411407,-1.61898251874704,-1.481431928368,-0.770549945545364,-1.42932888933226,-1.35577078404563,-1.66632568351311,1.69193132985701,-0.625019393629578,1.19443935224367,0.24628316716957,-1.27815207040526,-0.78130344675067,1.5480693657757,1.3689169042313,1.95696354985967,-2.34370459140326
"26","Chile",0.539326206696624,-0.795762009732896,0.228293489466671,0.825506599854077,-0.937230678136763,0.869598083276264,0.494392668426937,-0.376890574496245,0.543595783458888,1.30794922900098,1.1070432942686,0.00422817140488562,-0.540388665218691,-0.201652249728305,-0.0818598027656628,0.110158095036073,-0.261517515385377,-0.5294662834558,0.973491809371359,-0.828439294090653,0.947020351144384
"27","China",0.130794783832682,-0.868836108515334,-0.431881698998316,0.547756300549229,0.713556653122675,0.0664425534507381,0.970740313271382,1.56694462459928,-0.501479145096301,-0.423650673329682,0.261872501517916,1.608432253165,0.150198078614148,0.709665700927958,0.725262717897575,-0.397831210912135,-0.543578684780453,-1.15060689094099,-0.344687014089515,0.280850991686046,0.485141165198104
"28","Colombia",0.937246199663435,-0.314397851451742,0.127935131938333,0.361697253712016,-0.0153983335430072,0.278461487706519,-0.312088229982729,-0.00849854790903587,-1.16060340303529,-0.351877032199903,-0.0929777577990712,-0.382419724741842,-0.318656156782167,-0.143213674582337,0.555766663115311,0.495579966445588,0.969289060488319,-0.278035717927868,0.570213991128607,-0.0769791932389672,0.560935071013647
"29","Costa Rica",1.10981764697602,-0.633027928993752,0.511329958108204,-0.883073772128088,-0.281096471092178,0.390940993356497,-0.418690355517485,0.100589268735392,0.798345738463585,0.519527531774987,0.336839257057029,-0.455107233161782,1.08790654940678,-0.277541316963159,-0.155466534864202,0.498177821768611,0.638700474862184,-0.703095028802272,-0.437577573199058,-0.355559079284102,0.938640128649895
"30","Cote d'Ivoire",0.086088906458645,1.19700822624984,1.02129001281508,0.524005928499397,1.15945776330866,-0.639073272253415,-1.0785252540382,2.10329508162689,-1.10738151739447,-0.72978869838697,-0.908197922948792,0.162681209090238,-1.02447643172897,1.09591847110143,-0.984501696202256,-0.831075586778427,-1.11536361725543,1.36104896419679,0.178064962043672,1.22763257505588,-1.98169385577593
"31","Croatia",0.907750481887155,-0.868836108515334,0.393213407407716,0.970236729566324,-0.633919435538074,0.747717191977675,0.353847319566627,-0.598853858009005,0.834503646062765,0.312831016693872,0.58353380939092,-0.292915409151869,-0.261107261462763,-0.208338074857123,-0.300596123747657,1.29516813435738,-0.367202090814684,-1.60055935265556,-0.78735844670747,-1.05945557509517,0.687735976898843
"32","Cuba",-0.938451633392898,-0.557691503452962,-0.100034867964519,-0.157163285249187,0.942324647864148,-0.349754886158318,0.105119819250926,-0.419480702700619,0.757405032197878,-0.630622421834565,-0.240121102411211,-0.10042319874797,2.28797027827316,0.324344955589119,-0.491595637811589,-1.08304599252441,-0.378335326152485,-0.466260308397307,-0.342475490294132,-1.05945557509517,0.814350024020086
"33","Cyprus",-0.547092562967941,-0.868836108515334,-0.618589649486487,-1.30052368112122,-1.36180234353458,0.880669097298712,0.60001772060676,-0.929138496387702,0.74179840473006,0.986912293910092,1.1194462485357,-0.33916975001741,-0.640252924743538,-1.4914601627648,0.359430032750394,1.21002455510047,-0.406753686012794,-1.0679831374545,-1.13226975743414,-0.229140891029291,1.0344176419523
"34","Czech Republic",-0.336064282338774,-0.868836108515334,-0.288885668123938,0.89999388047281,0.226518706759573,0.99784819134918,1.18591367757434,-0.115720404531743,1.25792068056786,1.14097393467726,1.0311781042533,-0.439098883258084,-0.174783918483659,-0.698099292351199,0.527270637843312,-0.273313323061642,-0.393344104190459,-0.88620590719639,-1.09253666842841,-1.05945557509517,0.845205304187413
"35","Denmark",0.759377067024638,-0.868836108515334,0.315510419631392,0.698852047321376,1.03700649546111,1.74032523922418,0.801381956014602,-0.49700612466637,1.13845968467757,2.05032602562079,1.97078370689754,-1.20780178259679,1.37226579686736,-1.4914601627648,0.94020071804834,0.0501718749320996,-0.229351805765502,-0.71011579128036,-0.666216775517393,-1.05945557509517,1.08026032537431
"36","Djibouti",-2.0875537943254,1.27395644841883,0.246136409897828,-1.4702903812833,1.57546056284651,-1.03153598215248,-0.889185673558818,1.86996807789014,-0.568831319040764,-0.951872896835125,-1.13848219687541,1.13511948090751,-0.807821766997095,1.14779893409361,-0.28022205563646,0.882079462233551,-2.93642708523764,1.21948265804244,-0.525332823500256,1.15156030801189,-0.979042383358319
"37","Dominican Republic",-0.186135662767061,-0.436836534639923,-0.14529236257315,0.544302669145073,0.385034021898037,0.282593144675199,-0.207371232119796,1.18788624055181,0.298302312599931,-0.490462750837115,-0.475339587309606,-0.711386625138026,0.112960558113358,-0.0709590602911134,-0.27182703843938,0.180208881847133,0.436183067989651,0.175270169926982,-0.29519997159945,0.512286211874815,0.153130634358733
"38","Ecuador",0.688054209436813,-0.448646110258037,-0.384310134706345,0.509975067687004,-0.774858393210005,0.027389080129466,-0.0159450767698668,-0.463637798454977,-0.0646967776499126,-0.964656916185287,-0.542181556418386,-0.53903730993217,1.56014601393953,-0.455606799927067,0.0436748493101129,-0.65263899634163,0.337142659786553,0.0872896225563744,0.519781983653089,0.137254305308787,0.514000866332973
"39","Egypt, Arab Rep.",-0.488290371320808,-0.845922069753248,-1.00700770376446,0.281751186741656,-1.7767107965553,-0.401682187650078,-0.13582423912856,0.175627614497542,-1.74820794242645,-0.631148657202989,-0.881657884872642,2.22819233698439,-0.589474487697006,-0.712653835784744,-1.64799478638545,1.04669845387412,0.0835787382152367,-0.264165278915397,0.643916780599401,-0.505319192971616,-0.0869205910603399
"40","El Salvador",0.801907453303935,0.0223415121863853,0.21856611599613,-1.13672619860529,1.70986644937882,-0.765028321489982,-0.732612313449623,-0.369554014900033,-0.0396674182557057,-0.697023300396547,-0.294956133831044,0.311871861975191,0.686756896739173,0.163818557480924,-0.524376810950904,-0.519967987964051,-0.105760262866992,-0.219219556883899,-0.466011569304695,0.396119653532793,0.0507580347145116
"41","Estonia",-0.302377469988739,-0.868836108515334,0.181199023497689,0.785282334782017,-0.868678515829294,1.35365382434888,1.70234468845749,-0.0577804351128533,0.887300234751163,1.3343375621652,1.08384562125214,-1.80814643722497,0.0808008813172207,-0.225309771946309,0.765153408455015,0.17619356819037,-0.543175498688982,-1.40497292332087,-0.852469868178464,-0.890260410991053,0.670864263260783
"42","Eswatini",0.638387108034001,1.1440124294095,0.984650899379961,-0.629868959205593,1.46099509197942,-0.658548608664302,-0.701424170803027,-0.155957853012055,-0.461120629010803,-0.383413797441705,-0.655195208074964,-0.372169825161979,-1.32576182487172,0.837540854792462,-1.43114804085453,1.98894251030503,1.25348294882578,1.3849295155089,-0.0799865006615212,1.33051804758564,-2.08471108791972
"43","Ethiopia",1.1648105635482,1.50740996535678,1.26094254078332,0.732751221909577,-0.2129063378096,-1.32915539078103,-1.41479773461989,2.73812837807582,-1.73218513252958,-0.555696774301649,-0.728130264391921,0.879851033893274,1.06082471631529,1.19334558524183,1.32005746945074,-1.36456410784291,-0.346113708975904,1.30242258417371,1.41901609677293,1.38951260885584,-0.869777174680169
"44","Fiji",0.703179341684829,0.180103504199941,0.415159101727914,-1.60878633776342,-0.838285883025373,-0.224744699628761,-0.546562842546121,0.56000818926014,0.723298390807271,-0.489368043285982,-0.431135422288234,-1.06579200271562,-0.538696050650474,0.927272376038668,-0.753962122958086,-0.444596961352509,0.243765607046696,-0.278035717927868,-0.566678597250406,-0.638300156429504,-0.606965463314525
"45","Finland",0.524290054303349,-0.868836108515334,0.570205530167681,0.477362699212043,-1.59843067395668,1.43855435095704,1.11495581485501,-0.865925165571491,1.43136944315511,2.11908915788214,2.06233014380794,-2.04309621439862,1.70401825223804,-1.4914601627648,0.651325044465269,0.502247032272736,-0.319731687546104,-1.95135833759852,-1.02271304228676,-1.05945557509517,1.15300825192122
"46","France",-0.0721695814474266,-0.868836108515334,-0.351536909973577,1.19810271567877,0.568535581057897,1.1746373964615,0.519811871225128,-0.78029623328145,0.291121634743682,1.4930611123434,1.47839165842635,-0.940931296715915,0.595355710055415,-1.4914601627648,0.233836830658673,0.697460546983668,-0.178788051103935,-0.768051767140634,-1.14973424667915,-1.05945557509517,1.29596427715555
"47","Gambia, The",-2.0875537943254,1.32535842503701,0.79335904673942,-1.43091017719175,0.918999923570175,-1.15225282971162,-1.29307313524189,-0.0889204390485702,-0.135051237615019,-0.70350191867861,-0.892226295947168,0.643406384228692,-1.07186963963906,1.19366043977527,-0.809571338036704,0.612164352894496,-1.26415317614966,1.39993091515927,0.841139366935538,0.402987321029596,-1.37311118906073
"48","Georgia",1.01148985591866,-0.858711663718181,0.358183848741565,-0.254790061551469,-0.275969118265075,0.0776341393978929,-0.156532616307289,0.220948808568548,-0.393790078323603,0.231629268831054,0.489882094855391,0.0607665027507132,-0.765083249149597,0.413427068197875,0.359800205566929,1.26523791896991,-0.11356485488603,-1.41878212239745,-0.626158258477901,0.0942982746225786,0.117080801497822
"49","Germany",0.247726758834714,-0.868836108515334,-0.364582573618881,1.46536708783468,0.345225655856907,1.3428038411694,1.17037702149749,-0.556862274907413,0.964895566403936,1.78029879403602,1.78114810250071,-0.929772772913995,1.24701231881925,-1.4914601627648,0.869749296834363,-0.397600767432996,-0.188619892288129,-0.955161895410781,-1.11874878009563,-1.05945557509517,1.09616448554208
"50","Ghana",0.80829453011441,0.948249858225001,0.620520314934615,-0.0833701060894391,1.36246630180314,-0.752686145448173,-1.03619850538064,0.651842015070162,0.031227006011814,0.0952888533516648,-0.274181871611808,0.602086453474645,-0.897530339112635,1.08634948851215,0.0211194215947872,0.111247204940262,0.180435150299711,1.25964945131955,1.39897052505126,-0.177566499251005,-1.14426665171121
"51","Greece",0.23507010501497,-0.868836108515334,-0.184789049331689,0.127113359681293,0.439789009456864,0.635655658906426,0.778907026660462,-1.38781088973715,-0.126969812239659,0.256232844180472,0.292834848549336,-0.430354540358987,-0.162935616506134,-0.370769418780331,-0.0625962531040715,2.0555914906705,-0.438789573484116,-0.264165278915397,-1.09750419019881,-1.05945557509517,1.15270589146176
"52","Guatemala",0.869336697969302,0.504326995126435,0.932236801200709,0.387581259883884,-0.248329936902692,-0.517619820867311,-0.723121396763036,0.164742878660632,-0.67556419161052,-1.08130416459281,-0.809332172240995,0.256002244813061,-0.714727965745119,0.868289604565107,-0.505970186839909,-1.02064613537089,-0.147930852703936,0.597999693713084,-0.0371822799175507,0.909877011682713,0.152262859840072
"53","Guinea",0.924163006688181,1.54165478498173,1.11373636647835,0.950782039474734,0.88183592615541,-1.42571654203349,-1.3137219171741,1.58120075716095,-0.787473448853336,-1.34692608382704,-1.29207843517179,0.132371627900442,0.00294061117920433,1.205677499864,-0.253712867199877,-0.568716806474253,-1.05835740274377,1.43291508465886,1.67104597903182,0.903741011549924,-1.53853380587503
"54","Honduras",0.59985988806925,0.555276814881649,0.767902931305024,0.28951987053495,-0.566412808183889,-0.854816180379018,-0.705018973416697,0.205058332004985,-0.515711829373421,-1.1080212002953,-0.855611698393978,0.058066669594875,0.226365734183947,0.797505356172172,-0.184683290027882,-0.38680843671187,-0.995530056841993,0.0471854748726756,-0.119031025171549,0.774334612502564,0.308239131179814
"55","Hungary",-0.387568745377656,-0.868836108515334,-0.203385694076317,0.929960226866018,0.841866969583078,0.98275482144938,0.402397627770963,0.0379225171055157,0.934046441424049,0.498390509303222,0.511524263178692,-0.485527902915988,-1.0177059734561,-1.4914601627648,-0.0853656707253715,0.147513323923254,-0.238232532503377,-1.68677202289829,-0.948366662286611,-1.05945557509517,0.471911080933821
"56","Iceland",1.16503477905916,-0.868836108515334,1.09999088742705,-1.03978549393651,-1.05904421054076,1.80151009900177,0.730293664645364,0.544927082623983,1.62101739590786,1.70298544133695,1.52879625164651,-1.87776503813513,1.80388251176288,-1.4914601627648,1.81886526542557,-0.563275848717738,-0.44472760768964,-1.02900367088112,-1.15562020775711,-1.05945557509517,1.28453505178783
"57","India",-0.077746305574743,0.634796526742655,0.480481378848164,-0.775945554664432,0.950885421890669,-0.968806633274515,-0.397366615258875,1.69940743391414,-1.11587084142634,-0.0546595569390453,-0.0945530829886638,2.36669750274209,-0.865370662316498,0.923338961698695,-1.41774736880459,-1.02849572300021,0.577706359467621,0.658484300418566,-0.350411959238843,0.914459590099908,-0.424088181896319
"58","Indonesia",-0.309367657426072,-0.132783338805959,0.494945895556179,-0.447908954544309,-0.443611361862001,-0.95242742816586,-0.302233491020219,0.776215469641734,-0.517818660944513,-0.432073215748112,-0.162315994965398,-0.480204767343582,-0.335582302464344,0.751544072251017,-0.00344216148913145,-0.475444111613602,0.165557909366016,0.430567714375406,0.143118074493692,0.229545134729413,-0.154854939092591
"59","Iran, Islamic Rep.",-0.786317072459254,-0.835497712658186,-2.08125585255668,-0.0984141999732847,-0.600009824937496,-0.0764596038104478,1.06202895493479,0.353974207893132,-1.07730100308058,-0.926680971917789,-0.43777445818706,0.929548493883914,-1.49333066712528,-0.915980095629893,-2.3151886388073,0.877552506042876,0.561143317054061,-0.500260472086284,0.573032851691153,-0.351411509128329,0.46580219021082
"60","Ireland",0.206320841899634,-0.868836108515334,-0.728331386533123,-0.654349300178174,1.15391499761671,1.25418480734682,0.953560620872918,2.47719675685465,1.18269049652219,1.71705295081206,1.51313827799144,-1.51525616200282,-0.291574323690683,-1.4914601627648,0.349126121569069,0.713475055934482,-0.237749943961735,-0.903022066727348,-1.07235135754799,-1.05945557509517,1.17574575847288
"61","Israel",-1.45735035948205,-0.868836108515334,-1.34548415487732,0.004693724459904,-0.776956783791338,1.03171095573318,1.04269689878991,0.180491807721157,-1.10495976005238,1.10927491107619,1.36911800551537,-0.0160396889086814,0.280529400366914,-1.4914601627648,0.325986679735334,-0.199693546045043,0.091703340972976,-0.2968214385686,-1.01307195894873,-1.05945557509517,1.27141260784711
"62","Italy",0.5353464123927,-0.868836108515334,-0.178591314644194,0.419680851642551,0.18760342940938,0.395659051054648,0.650014791650599,-1.09005102489154,0.519922067001426,0.345226905662107,0.437843173865293,-0.407057887014788,0.78662115626402,-1.4914601627648,-0.45688610355073,0.954102071326354,-0.274435247905142,-0.964111128798321,-1.08302209195081,-1.05945557509517,1.3592180852753
"63","Jamaica",-0.399642494165813,-0.150792252193918,-0.199726095267948,-1.41412456777163,0.0150872570585431,-0.169393850080499,-0.008152320898956,-0.903377116252521,0.265809202938795,-0.270721833176734,0.222848981578898,-0.754121180044861,-0.613171091652054,-0.0607991308807247,0.194452731482829,1.13430345654247,-1.14076016795917,-0.197453019153576,-0.89077970829121,0.237374705787755,0.26284212707505
"64","Jordan",-1.7710309812668,-0.858927499903332,-1.42438153111039,-1.26354038587562,-1.38271561838016,0.251007097093698,0.0556679013297689,-0.267675855558958,-0.597752081463135,0.377432434486276,0.0289948675098772,0.68179781948082,-0.716420580313337,-1.08455654142188,-2.66125133151539,1.14257474033945,-2.19442096364084,-0.214829742869374,-0.967961193403728,0.547399112968079,0.257437131501681
"65","Kazakhstan",-0.532266827255132,-0.856018474183839,-1.92229019896119,-0.841234409621252,1.90993592471436,0.793185533317,1.69683115313342,0.0640042793388677,-0.0290703369589625,-0.556014223505433,-0.222570959710094,-0.761990466825076,0.348233983095624,-0.421599145420662,0.849979452999367,-0.267887543193851,0.582367609134225,-0.973137845689902,1.1464767731252,-1.05945557509517,-0.0166308550488673
"66","Kenya",1.00467600017163,1.36863056466118,1.08398548885132,0.192427941383743,0.37836286765281,-1.1805608189784,-1.23542774809291,0.947886643912774,-1.39529312285514,-0.533779064896514,-0.442940964502939,0.42775772095061,-0.176476533051876,1.13756304185118,-0.206323167874611,0.63681411527963,0.00499232114485075,1.55931455186102,0.213171753464632,1.49985045312518,-0.90091788312123
"67","Korea, Rep.",-1.38799715803312,-0.868836108515334,-1.57831826901767,-0.675914283843294,-1.09919317364513,1.51512974550398,1.43026014128144,-0.0618602376970183,0.298031938809048,1.08034492292324,1.12423741102936,0.325268216817703,-0.457450551376022,-0.641184125344201,-0.113628238954108,-0.722541800558781,-0.510746543364979,-0.306342776781152,-1.14806257312927,-1.05945557509517,1.23791106893856
"68","Kuwait",-2.0875537943254,-0.868836108515334,-2.65772177926398,0.235548528589018,-1.54913720268352,1.18247971149394,2.35423466466242,-1.12391260854371,0.0630963879513444,0.0948046023862857,-0.193883162150968,1.69999610162673,-1.61689153060518,-1.4914601627648,0.61229120515637,-1.1779477565527,-0.243330409898132,0.0774072804315725,1.38410399941629,-1.03081974501201,0.386239663628523
"69","Kyrgyz Republic",1.09150179682312,-0.825771985765881,0.150737077765743,-0.232069464449731,0.689861861002394,-0.626054605683906,-0.386205689391749,0.956187061299445,-0.812720868472004,-1.06040808968461,-0.952572649132975,0.115430234631853,-0.086767960936336,0.316361429439391,-0.324826319685496,0.305419166415122,0.122613703000519,-0.315951870499682,0.898933170543373,-0.0440661336332606,-0.16322730021514
"70","Lao PDR",1.13258156574905,0.618923103683679,0.895110403278118,0.633616243894647,-1.4654884800413,-1.09431694033563,-1.26435447333205,1.67171594578072,0.551587820045163,-0.861468340305908,-0.590771383236791,0.333547781546992,0.349926597663842,1.18041135494929,1.19417211169571,-2.31295767196812,0.804413216872696,0.85486857122182,0.908880622520616,1.016935396901,-0.678916367690289
"71","Latvia",0.735239989365971,-0.868836108515334,0.53512506354323,0.680609287837895,-0.49422731449678,1.07814373959069,0.221220025873613,-0.146243403907428,0.645221745860536,0.895493275570031,0.990643418967611,-0.739821295902844,-0.276340792576723,-0.433760342638464,0.649396609041691,0.723863106645304,-0.387141280820651,-1.46134228838575,-1.15562020775711,-1.05945557509517,0.29400218658552
"72","Lesotho",1.16518699337332,1.55702197670068,0.770522404624121,-2.07780856521182,1.65217958901592,-0.904554816895159,-0.616733950317878,-0.571291766133017,-0.126629845265135,-0.230720940764589,-0.792743465660193,0.528254592497128,0.287299858639786,0.969629544778422,-0.086515123449534,2.0193631187023,1.17087353144524,1.48909456186453,0.67189401612792,0.713279643897939,-2.61306180199537
"73","Liberia",-2.0875537943254,1.6646898440204,1.18878681274922,-1.60771778423488,-0.608793266426716,-1.35268690553901,-1.30937955471021,-0.439902627229414,-0.59402758814417,-0.954889379436249,-1.55777164355426,-0.450023027613782,-0.897530339112635,1.20884086001941,-1.18481177733186,-1.28798389117103,-1.0559750434127,1.48395447279327,1.90019391491125,2.00686543819485,-1.20783733359249
"74","Luxembourg",0.193569527536902,-0.868836108515334,-0.839032435348602,1.4073071061707,0.63471363859337,1.73528436391823,1.90136925814864,0.00220556389700162,1.70036359426982,1.89889337413166,1.76351485357254,-1.16411642940727,0.459946544597995,-1.4914601627648,0.087636400620693,-0.0162799211550502,-0.417358286247676,-0.955161895410781,-1.14881895545277,-1.05945557509517,1.28187427974454
"75","Madagascar",0.722472044655229,1.63362209478334,1.04382343556162,-1.13430426242503,1.46762304797585,-1.58260740697643,-1.39581514250078,0.109771896624634,-0.47814912212422,-0.858209879461985,-1.38937806072197,0.0702342666888617,-0.188324835029401,1.20756878205016,1.86029475145278,-1.66848260335894,3.50894127260318,1.23268004044244,-0.390805383500716,2.07455948125815,-0.802413078474466
"76","Malawi",1.10105820682835,1.69114579351687,1.15007935953371,0.804507652950998,0.997441899355325,-1.46559376900355,-1.4543527946042,0.349508436845079,-0.0531661460442237,-0.329961867941445,-0.764304178228357,0.143915278249219,-0.342352760737215,1.19857120115972,0.924228897836364,-0.0807950007117045,3.60117673648064,1.50099046112215,1.17205395197468,1.08403588867862,-1.26706914288046
"77","Malaysia",-0.436085075895368,-0.861278841879393,-1.13693556301237,0.043307203546999,-0.736714946680056,0.790028823053923,1.0408291751888,0.805820780039702,0.268052135231239,0.498824677671582,0.975138786463012,-0.463669179642972,-0.970312765545998,-0.593093479611368,-0.134683805474217,-0.844280752345734,0.0409595159600502,0.259184510689679,0.447615279179365,-0.948601836011994,0.428611853696814
"78","Maldives",-1.69793636614813,-0.797450097048452,-2.06569228434757,-2.26472047808434,-0.690508394275608,0.202240780251743,0.0360737136550095,1.26654946578517,0.513627088206435,-0.619192904305079,-0.469091519990391,-1.43268910630683,-1.34099535598568,-0.218261796453809,-0.0436443262430585,-0.124799439729739,-0.41082441925732,-0.48880344153647,-1.14943660486598,0.476172474204191,0.704539357073063
"79","Mali",0.689033656397393,1.50017768308038,0.932226356243098,-0.0335738006073596,-0.332861679269619,-1.4399949840482,-1.45973089368559,0.853388701834933,-1.9925773335359,-0.789839793571021,-1.13205200825819,0.854112244702093,-1.07017702507085,1.20729060414068,0.399418058994237,0.396533852251724,-2.30797830057935,1.50688789504273,1.341926454665,-0.199413274093986,-1.79576696676357
"80","Mauritania",-0.55929663800705,1.4697406286762,0.382728781617891,-1.56306280491937,-0.103717971517007,-1.25068255812247,-0.924680093645581,0.183435908900011,-0.796062130684227,-0.866292592213285,-1.05247177540349,1.19719600808084,0.229750963320382,0.867767036415855,-2.11359290929463,0.743621793411564,-0.399823721414641,1.37924787044957,1.66942008188632,0.221666882087548,-1.00073674632482
"81","Mauritius",0.0975846305423039,-0.228867461038084,-0.496994863541438,-2.30349457809062,0.0808789402729858,0.00192807936548245,0.164080956533351,0.200232492132152,1.15678953709506,0.858280959442882,0.988715345758787,-0.661845630414755,-0.625019393629578,-0.275330757578353,-0.321145098886169,0.218720243968031,-0.161914601703748,-0.675475419227291,-1.15562020775711,-0.195745886436135,0.284713673270802
"82","Mexico",-0.115494975394433,-0.614395424819099,-0.634937396500658,0.386862953971593,0.6831716217515,0.191691573389819,0.35607025086481,-0.26755680820815,-0.804312578249463,-0.547973179643126,0.119445954295389,0.0193472035342945,1.56183862850775,0.133592367693865,-0.413489470731526,-0.479683309416086,0.263389273781419,-0.320789834114503,0.280259280878478,-0.627956576121692,0.362363467586531
"83","Mongolia",-1.17573416033701,0.774023601155152,-1.41657184220121,0.683272712798244,1.52845375251773,-0.993803788069584,1.29386261261536,1.00271115960919,0.918112498130028,-0.354850205238969,-0.453486408276745,1.0046742887681,-0.521769904968296,0.911959851486898,-0.594594403611372,-0.143601234961018,-0.0763040118005651,-0.301571238529557,1.72541301821047,0.811258806925659,-0.362500984629125
"84","Montenegro",0.763387897488985,-0.835679853804109,0.669996665407344,-0.794513203971681,-1.11702544220437,0.643203325610952,0.241586043406571,0.0471898591012469,0.334361194700423,0.0249026747437495,0.11619816818671,-0.0227473951490192,-0.198480522438707,0.553062775163034,-0.880236823458719,1.54910441511048,-0.656987735213746,-1.86257457039761,-0.883788001717744,-1.05945557509517,0.547496962753253
"85","Morocco",-0.18925733187016,-0.18644996889541,-0.462821152190685,0.73389290370852,1.34061325371896,0.346593953566765,-0.356906650398896,0.0922658070286534,-0.415068882558586,-0.168937063447058,-0.163999950461247,0.568374901501094,-0.293266938258901,-0.611728241676653,-1.8307553918608,0.599294340487516,0.546065426300279,0.0471854748726756,-0.852525333546529,-0.696750339147712,0.461934395213364
"86","Mozambique",1.10506659989337,1.59803999602709,1.22424116441575,0.42629814938375,1.09878280696319,-1.32299368216881,-1.29126625265637,1.02628495118857,-0.686458847853826,-0.96762939509344,-0.906554176618807,-0.0161199327886507,1.49244143121082,1.19160333396174,1.03653793349362,-0.80975432626017,0.339553887539033,1.59001559405817,-0.418036583067155,1.58438485132275,-1.83858544087003
"87","Myanmar",0.859101382223704,1.2603030518542,0.98995240057182,-0.592781035537419,-1.02322332184761,-1.06035401159986,-1.20740696250302,1.61185048718453,-1.19329389909314,-1.16872711334067,-1.38920111853935,0.926375247152713,-1.09895147273055,1.10967680560394,-0.0204851200638435,-2.00400793132679,0.300504917282008,0.565352665034856,0.276114344500582,0.541273001673416,-0.771545099167841
"88","Nepal",1.16446398123998,0.626316156665456,1.19253023836752,0.973660877544405,-0.574328420563154,-1.03837959510232,-1.25992066412284,0.48900095524454,-0.974804817318812,-0.753843111013595,-1.0598305553713,2.49862605136977,0.712146115262439,1.03798147957244,1.60622587351492,-1.7173794415194,3.43769343691553,0.587906882191266,-0.502522819732846,0.273286303239706,-0.309541945433181
"89","Netherlands",-0.284521755858604,-0.868836108515334,-1.03775005218596,0.787969296626872,0.655985345788021,1.5940126536023,1.27789015996288,-0.592785144362728,1.23384749164086,1.98063338896538,1.92412883692233,-0.926513128229164,1.33164304723013,-1.4914601627648,1.02695504941218,0.0802547128353404,-0.0637859782955961,-0.84531520399582,-0.721865230710249,-1.05945557509517,1.18149060720268
"90","New Zealand",0.990673182524936,-0.868836108515334,0.318571190251218,1.2261167087145,0.0394412162798098,1.41043716632006,0.978752474569553,0.0679779468401989,1.85477596272829,2.04002091603176,1.93822717570362,-2.00240664943848,0.840784822446988,-1.4914601627648,0.992440112222073,-0.158407151021011,-0.4877066276564,-1.01948233266857,-0.613391716271269,-1.05945557509517,1.17891449608805
"91","Niger",-1.65280756173474,1.64876256960496,1.12281044110147,0.6698296681151,-0.22229953593368,-1.62611536643367,-1.42235954383662,0.888787269143884,-1.3567709696069,-0.693535608077482,-0.789407263092227,2.12888404047065,-0.640252924743538,1.20229022752713,1.10952156859508,-2.70131274584185,-2.78256880319602,1.53914797942907,1.53164579468997,0.658498134580338,-1.41568172759043
"92","Nigeria",-0.00951747927424911,1.30417103820804,1.20848682869525,0.286625973933601,1.78289936324593,-0.719238284068892,-1.02248942833971,-0.0775687969396674,-2.30492208038945,-1.06753121903566,-1.20423336124326,1.76403002204519,-1.33930274141747,1.18817886816877,-1.34244595553393,-0.233582198299971,-1.24328336541832,1.54077573821119,0.574126809519017,0.412086689049041,-2.34268805553855
"93","North Macedonia",0.302680497889767,-0.868836108515334,0.058160488493887,0.113486571109489,0.450189424175302,0.787389056212851,0.269302172976999,-0.183023555995389,-0.188134079302982,-0.216302853110351,0.0263751092369505,0.556797225326613,0.99650536272302,0.618302520631619,-0.398179830395295,2.12011521273791,-1.03447693006809,-1.68677202289829,-0.299657600419011,-0.659244129986536,0.420801883028873
"94","Norway",1.14887454723832,-0.868836108515334,0.857699882680029,-0.473907459894071,-1.82768478406313,1.74617541859449,1.30346451545866,-0.608530113983272,1.48143559122949,2.10530455933938,1.99222174814565,-1.77797281554073,1.50090450405191,-1.4914601627648,0.867158830139141,-0.558681490929287,-0.348146445999386,-0.584191460688731,0.678600477315681,-1.05945557509517,1.26651436840381
"95","Oman",-2.0875537943254,-0.868836108515334,-2.65772177926398,-1.59432892376679,-1.73570683004384,0.910475316764785,1.75780904939497,0.00959845157322291,0.886230156477583,0.44744798925569,0.143612274858651,1.01978430747146,-1.74891546692616,-0.4395717795793,0.220611511448358,-0.697461829731739,0.36018308998185,-0.236966015793359,2.1914082151061,-0.225386572575308,0.60628248800306
"96","Pakistan",0.359046519517627,1.06579334627784,0.683126898581127,0.127026173542162,0.314110952633925,-1.29520406084734,-0.81840499398974,0.735504787952193,-2.87565027274739,-0.837153544450179,-0.820500705116051,1.6566254986099,-0.103694106618513,0.903683928518547,-1.36513765321022,-0.920127880493032,-1.53968945348936,0.942177277516155,-0.331518288018983,1.25473065634538,-0.674875017789102
"97","Panama",0.806127695518425,0.158898984641335,-0.0102456996134808,-0.436456845092529,-0.496729394973922,0.0702386985197291,-0.0667778828907031,0.971356561893274,0.358738889409468,-0.0760901757523434,0.154769487979403,-0.957030541725137,-0.450680093103151,0.00212474429472263,0.0805074160653005,-0.898537378614954,-0.614236404202369,0.109990534991346,-1.05181831643141,0.368270586313304,0.715721251584942
"98","Peru",0.724053642217141,0.246971999836667,0.183412732587451,0.403215261428379,-1.06316512693065,-0.203823682909089,-0.261256788040519,0.172764262434226,-0.464507528929037,-0.551870493337388,-0.279240381352848,0.308716247519935,0.206054359365334,0.459631643309408,1.0357589507942,-0.825040729996167,-0.155157676138472,0.401871059985463,0.616307250389119,0.327739592829,0.469050146266377
"99","Philippines",0.230241457057362,0.477434729757318,0.263861077630541,-0.85646382269757,0.0499215184391537,0.0500607755709975,-0.71777289284681,1.35746861639713,-1.19061638917474,-0.3998432661364,0.00496086569624061,-0.216339718439603,0.534421585599576,0.888011635533212,-0.495413277175977,-0.887302609665937,0.565804995459596,0.611967472041351,-0.289817391720641,0.760636300155055,-0.168516189372069
"100","Poland",-0.266770135252489,-0.868836108515334,-0.467189024323114,1.44695262154183,0.304491185943615,0.760976756474776,0.995289704251147,0.0501443860156315,0.943268725043528,0.736842440863439,0.735750895150952,-0.0197658419509641,0.363467514209584,-1.4914601627648,-0.0447545474844526,0.298917569268842,-0.341683120854612,-0.946288826635042,-0.837808612088063,-1.05945557509517,0.688401169909658
"101","Portugal",0.756138734077504,-0.868836108515334,0.28744570066983,0.39328867174965,-0.0270482932975994,0.708474132185614,0.419005837165701,-0.756018592765682,1.13472655155,1.15781859882872,1.23852492839558,-1.51587393424429,0.932186009130746,-1.4914601627648,0.468895380323688,1.02242260651259,0.270300545362145,-0.287386267494257,-1.07219667310768,-1.05945557509517,1.12132087576946
"102","Romania",0.505137400153753,-0.868836108515334,0.112263447264455,0.966082788135061,0.924118095190074,0.295144986500325,0.227680921524545,0.541089198184191,0.238784688620506,0.23738862024833,-0.178049229689622,-0.643096565938592,-0.582704029424135,0.137422923548308,-0.317405328070895,0.0440691403979369,-1.38128413783256,-1.08803335708367,-0.577865469918616,-1.05945557509517,0.387129208100265
"103","Russian Federation",-0.0689487596631738,-0.868836108515334,-1.36047980761342,-0.104690437512697,-1.31855862605953,0.840888972909979,1.47256734612581,-1.08693187494209,-0.967176602123692,-0.829353700562679,-0.275250277225008,-0.462287846081063,-0.677490445244329,-0.859531823321361,0.467823944752762,-0.169552461030316,-0.374015181180027,-0.93749063696934,0.903725010689683,-1.05945557509517,-0.0921000257309517
"104","Rwanda",0.620146963354315,1.60100192766119,1.2169336695804,0.0602029493699455,1.58998404818545,-1.18892830487429,-1.45741040199368,1.3899512001968,-0.0409614906882327,0.0242244036713138,-0.0026581812093059,1.10833193462741,3.50665276738993,1.20973113271715,1.52761326365737,-1.95939970711196,3.13040080988805,1.14968442617901,0.824448748848341,1.89168875047446,-0.574386728528256
"105","Samoa",0.408931256225961,-0.306886421993519,0.542071546759534,-2.09822545336298,-1.36251517516138,-0.85664178379304,-0.710610757725177,-0.398960395600623,1.41224565403923,0.770141920005019,0.400116727317524,-0.967784813054514,-1.23605325275618,0.994006389866963,-3.43066489273555,0.481531059022878,0.288016466763333,-0.106736759669697,-1.15562020775711,-0.968661593516934,0.0887665586318263
"106","Sao Tome and Principe",-0.413618760500609,1.1148869361695,0.579144251898351,-2.09075901267487,0.48336749350075,-0.811194745613838,-1.00183848957815,0.590287775382878,0.268864348447832,-0.784666183472176,-0.88460939061676,0.399338646043447,-0.310193083941078,1.09595508382302,-0.700203251847766,1.15128355348905,0.145959395315263,0.918813178467186,-1.15562020775711,0.189654698133887,-0.328856126862788
"107","Saudi Arabia",-2.08732632884138,-0.868836108515334,-2.65245204132612,-0.606214051604113,1.92664640098733,0.798148722415429,1.94935116148311,-0.351238481113419,-0.516311489056755,0.163209352754313,0.145368912792362,2.28052701473066,-0.16632084564257,-0.547188116636185,-1.15329663683422,-0.0982705178617004,1.22720553969534,-0.232501001310814,1.34994357593534,-0.195745886436135,0.328024390205265
"108","Senegal",-0.371252920078372,1.23106807430898,0.615051799932353,0.5006154003594,0.258714082639128,-0.823567130511344,-0.978700152945508,1.07103670731957,-0.091206938527026,-0.165166775709703,-0.519367706113474,0.937667854861159,1.75818191842101,0.992212362164817,-2.0351167923042,0.225984902170135,-1.63959711480372,1.21615704345818,-0.369044890596011,0.664084101972188,-0.65645340443583
"109","Serbia",0.301368611794632,-0.831486510073371,0.0356882779297457,-0.263186324692077,-0.044932328559124,0.553109199098443,0.697988128170832,-0.583697435101657,0.200376253292741,-0.212953482151217,0.0171275911138859,0.266993737513989,1.02020196667807,0.430267265585732,-0.511326621674063,1.53545777023456,-0.282777821535812,-1.4907126612406,-0.745654231132141,-0.206780048049846,0.436232546717131
"110","Sierra Leone",0.848905110378645,1.64004224654673,1.08633509868564,-0.818572390659408,0.674879848279633,-1.49664219700876,-1.34821563540379,-0.0681959706765621,-0.0610154596382617,-0.897566429079306,-1.41320417677752,-0.145573614008603,-0.806129152428877,1.20789071789427,-0.967010621959839,-0.380185584714588,1.29552294478409,1.48652768501231,1.54969598110596,1.40720520544899,-2.37045684013567
"111","Slovak Republic",0.141533709476758,-0.868836108515334,-0.435060996804358,1.431234069842,-0.0668724651489463,1.13194934848924,0.717424617388307,-0.084989782331113,1.16068675537902,0.552893836792556,0.851495645134848,-0.321009751298102,-0.223869740961973,-0.640155184332978,0.20524346970027,0.87977879509879,-0.434053037261087,-0.973137845689902,-1.05323133751,-0.702200160672744,0.598237280897656
"112","Slovenia",0.406304826238035,-0.868836108515334,0.040159666833648,1.81854169323938,-0.488942614237516,0.943419537984065,0.823715852796911,-0.296690038563607,1.17273259491245,1.05489713714486,1.0871249409621,-0.47219725365848,1.16068897584014,-0.537905043203845,0.279687734514173,0.489281540576453,-0.358407197610959,-0.955161895410781,-1.14215811559879,-1.05945557509517,1.10420727376382
"113","Solomon Islands",-1.43332649116393,1.31865198110297,0.937637308679908,-2.16704563211711,-1.7719488146303,-1.40365070110862,-1.19220885126661,-0.0792925641104173,0.571239753065952,-0.444096741064164,-1.1409440904667,-0.971110998075668,-1.68121088419745,1.16271453293407,0.332063844461178,-1.39236173095603,0.810938623414795,0.47670707016046,2.0060273243815,0.518553734387812,0.0185512032933824
"114","South Africa",-1.47472464469225,0.705258618004692,-0.18010042134192,0.287611435943051,1.88363896523054,0.110831808288304,1.13435704691964,-0.673677500734441,-0.132965246021839,0.0980997469971983,0.279677513513316,0.259610684391734,1.69724779396517,0.204276088114984,-1.06134183064062,2.11179357970038,-0.098562422184247,1.0672192612218,0.277533079646252,-0.255737282366991,-1.17977102630325
"115","Spain",0.498364678226314,-0.868836108515334,-0.168408325124375,0.536418049781369,0.596772610731455,1.08876972802957,0.567425289402212,-0.503906350021168,0.342641573031202,1.00841827851302,1.16345926704956,-1.26884743772076,1.45012606700538,-1.4914601627648,0.523920358377752,1.86610585022187,0.135336959540818,-0.903022066727348,-1.12828190295242,-1.05945557509517,1.38364881039995
"116","Sri Lanka",0.672243456947045,0.243779708621799,0.846014407186454,-0.79926046153863,0.144811192383334,-0.963239494897175,-0.841646892898747,0.436058062681731,-0.157419108713935,-0.0655334962933708,-0.135655241980423,-0.0717924672799419,-1.37484764735004,1.04513218958742,-1.06293895322018,-0.435133509600917,-0.256749938463684,-0.559513875748662,-1.07585560970214,0.379948839960771,0.534951422569196
"117","St. Vincent and the Grenadines",-0.069959581767682,-0.472637764592513,-0.992977780696074,-1.92239427273062,-0.723820790417136,-0.668509398558712,-0.286477050617101,-0.682889540791728,1.15039496314367,0.586250991902647,0.267608164206047,0.0663395550298077,-0.750272871677692,-0.540501077869726,0.495151644579721,1.7190148583564,0.556420328981277,0.00547674158842587,-1.15562020775711,-0.240471054910214,0.0135429046428289
"118","Suriname",0.818704841255897,0.135527972765522,0.170205259866311,-0.00597593171930138,-1.93097819176793,-0.202751394555812,0.23242869049868,-1.58464286285194,0.282563880579328,-0.158035863678731,-0.394768701130916,0.27327825806939,-0.156165158233264,-0.0357165553876527,-1.17088512106508,0.214172773452518,0.811734362872229,-0.00880538981115408,2.04163332964165,0.170600481155671,-0.0938627872096207
"119","Sweden",0.782840904155799,-0.868836108515334,0.748156263493314,0.458980569540493,-1.59872576806766,1.60946936023067,0.469877463319506,-0.215957606479917,1.27919936612416,2.08028429510002,1.92874699073873,-1.97424686219265,1.87666493819625,-1.4914601627648,1.2592865652128,0.271885946759108,1.62756281169439,-0.84531520399582,-1.03432558410508,-1.05945557509517,1.26542587074974
"120","Switzerland",0.807507023481221,-0.868836108515334,0.11902755031924,0.113906788757279,-0.106226116667343,1.4414743874301,0.483949084627048,-0.553151796646154,1.64072090668719,2.00926460634636,2.11661295478136,-1.13876966142093,0.798469458241544,-1.4914601627648,1.39937119345859,-0.319753998266665,0.00600528832770517,-1.03861276459965,-1.15179253197307,-1.05945557509517,1.39108687770276
"121","Tanzania",0.444290170272497,1.58473100494933,1.20287563007356,1.23955685591784,0.196230268986677,-1.26162279986147,-1.2987794138264,1.39650097558788,-0.461698475550969,-0.448070346055943,-0.758729002558764,0.432534753429899,1.21316002745489,1.20084098484464,1.54701323188403,-1.25265259005028,-1.45286553240916,1.4274896814972,0.0685613179170973,1.76342668953968,-1.11250610432825
"122","Thailand",-0.505034646451291,-0.811469076055832,0.0979581997440821,0.357319811046142,0.124805073744731,-0.28331033688301,0.45662131030954,-0.128271816554055,-1.11654716754323,-0.10278325342123,0.294571600428191,0.390321617072723,-1.19204527398252,0.439188656429927,0.63961875637923,-2.3833533005113,-0.354662248789413,0.153961238329021,0.0137713198402626,0.12877881182654,0.50358757210905
"123","Timor-Leste",-2.0875537943254,1.10058899166525,-0.0533413620270887,-0.579776253460493,-0.727969384509794,-1.00754018571659,-1.15599427027287,-3.23508556216448,-0.134073823662359,-1.22949091269725,-1.26367916023055,-0.13457752021295,1.30286859957043,1.17532988888582,-2.78686392644233,-0.847408278137551,1.85642022358141,1.22390037350045,2.74565954100107,1.5217547007344,-0.437352735252981
"124","Togo",1.0189813413312,1.41690307480378,1.04731026740865,0.894173542311405,1.4218746357255,-1.46881685759205,-1.16940054587479,0.903895904782723,-0.33469936532678,-0.850883622164943,-1.36261405322139,0.707019807664538,-0.398209041488401,1.17687438570862,0.991057202454647,-1.53276526192006,1.73029551957821,1.35036571080343,1.80245504257193,1.02394748757613,-1.50285587637926
"125","Tunisia",-1.15711431184544,-0.814602578148832,-0.383593221124549,-0.440806318128135,1.15211704263898,0.0573321058611375,-0.0533236952159243,-0.45149671416167,-1.10474395472303,-0.0746820786115487,-0.193576370585982,0.832162453259139,0.720609188103528,-1.07584289751014,-1.70333131293804,1.33603648626647,0.842140527915966,-0.523559302848939,0.176061334750184,-0.514705025156589,0.487000682023803
"126","Uganda",1.11849497043067,1.62958802983477,1.23845568085578,0.597083604357356,1.50149010835741,-1.06895807020403,-1.38967113447708,0.535992634661986,-0.855134092448077,-0.363140505201516,-0.665492294691134,1.33413281382834,1.07436563286104,1.20841714078776,0.298191620009536,-1.4688340867467,0.103079928528469,1.40179100358873,1.59660223987406,1.97359652106274,-1.32808608832111
"127","Ukraine",-0.723847545274463,-0.868836108515334,-1.31906733776362,-0.689618664944327,1.49072591807195,0.040655970062939,0.649436570574734,-2.17005918880313,-1.95775439504572,-0.831816140490357,-0.640549412759303,-0.104553051648431,-0.877218964294022,-0.482997699185811,-0.251180653312409,0.526640179585751,-0.348751310884378,-1.13991367629764,-0.314976832200774,-0.902995006134655,-0.079285989458882
"128","United Arab Emirates",-1.96202558963765,-0.868836108515334,-2.55100244349634,0.328814886828673,-1.69532549727502,1.54561949913047,2.06392958565446,0.199073284144322,0.918517382347821,0.734296600054963,1.44309128871832,0.995482092865441,-0.115542408596038,-0.970569533253534,1.50776525406505,-1.34629774150532,0.402640077425241,-0.689193765679693,0.729718734570102,-0.79274449560428,0.654778686817324
"129","United Kingdom",0.0479891728412313,-0.868836108515334,-0.822197242492067,1.05063730684591,1.47178742899249,1.60783123479224,0.866406015764026,-0.385655764037003,0.545193079943607,1.83224418601159,1.65377398763646,-1.16395805538088,0.453176086325124,-1.4914601627648,0.768016563676258,-0.114395302179367,-0.119363120199786,-0.523559302848939,-0.779014360785699,-1.05945557509517,1.13027074536957
"130","United States",-0.230565334208486,-0.868836108515334,-0.692755663218722,1.08049985364031,0.179939678423677,1.08940102086864,1.80355551618572,-0.38533799687278,0.679965857965017,1.67405259252327,1.56726615255943,-1.64285165647744,-0.235718042939498,-1.4914601627648,0.280856357167414,-0.116180959635368,-0.31091647211701,-0.877898458555594,-0.952325008093717,-1.05945557509517,0.827124148711495
"131","Uruguay",1.06577021286635,-0.735378573372173,0.814690072174519,-1.08648741074822,2.01590663514809,0.554351226237415,-0.213026958367101,-0.260351322066353,1.22972041647068,0.659533968115032,0.463348874855191,-1.3370491865847,-0.48114715533107,-0.823303863429984,0.679723585446764,0.236084733696238,0.540210567447525,-0.577967088241731,-0.381103454834451,-1.05945557509517,0.666357278252018
"132","Uzbekistan",0.0945853075500551,-0.857508577169745,-1.4791951258472,-0.800101086485232,1.07039799820045,-0.27854530235542,0.197836598942453,1.38713215261493,-0.350897321233915,-1.20950456996925,-0.799857122685875,0.459874234958042,-0.293266938258901,-0.17317020842806,-0.0442677204483368,-0.258251783762603,-0.333947298560236,-0.236966015793359,1.27722810170546,-0.0937619756957302,-0.134449841125239
"133","Vanuatu",-0.0420922939645624,1.38191152684197,0.48279365891399,-2.22607982180391,-1.21946302600564,-1.02262068432205,-1.06811561238466,-0.302403008616701,0.891327714764941,0.284036468205849,-0.792142972361935,-0.999017185384894,-1.85047234101923,1.13461956708633,0.224409683675469,-0.0942646639624406,0.828409734885922,0.318622221470257,-1.15562020775711,-0.031136617859903,-0.263797831520953
"134","Venezuela, RB",0.882173761699484,-0.738807658614319,-0.366544462848097,1.41632687686854,-0.779282326800793,0.477770867161934,0.764547556452449,-1.76642269778927,-1.15283899217587,-2.17368564097123,-1.44549126285453,-0.316107464581486,-0.367741979260482,-0.642558863230641,-0.164893830451507,0.235387584600216,-0.338960114150921,-0.171919188946956,-0.270257207948857,0.764074786800409,0.0725019847963667
"135","Vietnam",0.537612694282396,-0.772041521801185,0.472092161937402,-0.91038586949759,-0.120591786402608,-0.0492253021425165,-0.369952715178367,1.21969035788732,0.259022846896955,-0.239158186137793,-0.124193837778782,0.650951413342569,0.288992473208003,0.652496107465113,1.30476729625178,-1.59228627900514,0.484311585518555,-0.142899204026227,-0.116139311112169,0.400702231949988,0.386636360551339
"136","Yemen, Rep.",-2.0875537943254,1.0013353210594,-1.90366454640671,-1.82903703377576,0.188311684916105,-0.907669151298537,-0.762257185399479,-3.77615850310066,-3.1384238803413,-1.49647953362879,-1.81891225654295,1.40257448713665,-1.84031665360992,0.624986341815023,-2.93183740671729,1.14185053520436,-0.706840926552329,0.715651506952011,0.324388325426233,1.86100039787733,-0.735148156499467
"137","Zambia",1.15112370337958,1.5361468419364,1.22076765253758,1.44456254759142,-0.416382736845967,-0.974574288005692,-1.25420523021621,0.321736011441815,0.297023312360996,-0.30066500005006,-0.687467172009157,0.394783955578738,-0.648715997584627,1.11019554188438,0.683736044788059,0.28647234255652,-0.255768983787711,1.50772766898114,1.14721414316753,2.22244313840823,-1.2934742818054
"138","Zimbabwe",0.737966489257885,1.4982646514796,1.1463324986077,1.11330656959418,0.0574053224935701,-1.00357237372397,-0.803152228065369,-0.333797767022856,-0.74472519493623,-1.5018994339958,-1.37834982287129,0.00929519276917906,0.834014364174117,1.01066853159435,1.4710885730122,-0.179519611629613,0.492557092655063,1.41012057616269,0.26376863856283,2.29833265328055,-1.58787298565028
